PMID,Journal,doi,doi_url,publisher_guess,year
1840175,Parodontol,,,,1991
1840175,Parodontol,,,,1991
1818751,Parodontol,,,,1991
7894038,Arch Int Physiol Biochim Biophys,10.3109/13813459409007554,https://www.tandfonline.com/doi/full/10.3109/13813459409007554,Taylor & Francis,1994
7894038,Arch Int Physiol Biochim Biophys,10.3109/13813459409007554,https://www.tandfonline.com/doi/full/10.3109/13813459409007554,Taylor & Francis,1994
7516732,Arch Int Physiol Biochim Biophys,10.3109/13813459408996097,https://www.tandfonline.com/doi/full/10.3109/13813459408996097,Taylor & Francis,1994
10136689,J Am Health Policy,,,,1994
10136689,J Am Health Policy,,,,1994
10129518,J Am Health Policy,,,,1993
11556373,Healthc Ala,,,,2000
11556373,Healthc Ala,,,,2000
10345203,Healthc Ala,,,,1998
38574350,J Assoc Nurses AIDS Care,10.1097/JNC.0000000000000473,"https://journals.lww.com/janac/abstract/2024/06000/_we_take_care_of_our_young,_no_matter_what,_.9.aspx",Unknown,2024
38574350,J Assoc Nurses AIDS Care,10.1097/JNC.0000000000000473,"https://journals.lww.com/janac/abstract/2024/06000/_we_take_care_of_our_young,_no_matter_what,_.9.aspx",Unknown,2024
36656096,J Assoc Nurses AIDS Care,10.1097/JNC.0000000000000394,https://journals.lww.com/janac/citation/2023/02000/anac_world_aids_day_2022_policy_letter.16.aspx,Unknown,2023
5287979,Bl Zahnheilkd,,,,1970
5287979,Bl Zahnheilkd,,,,1970
5238285,Bl Zahnheilkd,,,,1968
38906538,J Nurs Care Qual,10.1097/NCQ.0000000000000778,https://journals.lww.com/jncqjournal/citation/9900/improving_throughput_and_length_of_stay_using.142.aspx,Unknown,2024
38906538,J Nurs Care Qual,10.1097/NCQ.0000000000000778,https://journals.lww.com/jncqjournal/citation/9900/improving_throughput_and_length_of_stay_using.142.aspx,Unknown,2024
38768430,J Nurs Care Qual,10.1097/NCQ.0000000000000779,https://journals.lww.com/jncqjournal/citation/9900/improving_early_detection_of_clostridioides.139.aspx,Unknown,2024
20469659,Can J Infect Control,,,,2010
20469659,Can J Infect Control,,,,2010
8704260,Can J Infect Control,,,,1996
8934682,Australas Biotechnol,,,,1996
8934682,Australas Biotechnol,,,,1996
1368032,Australas Biotechnol,,,,1992
1298463,Curr Opin Dent,,,,1992
1298463,Curr Opin Dent,,,,1992
1392004,Curr Opin Dent,,,,1992
9569798,J Marmara Univ Dent Fac,,,,1997
9569798,J Marmara Univ Dent Fac,,,,1997
2129914,J Marmara Univ Dent Fac,,,,1990
38515736,ABNF J,,,,2021
38515736,ABNF J,,,,2021
24027960,ABNF J,,,,2013
1764616,Confed Aust Crit Care Nurses J,,,,1991
1764616,Confed Aust Crit Care Nurses J,,,,1991
2129924,Confed Aust Crit Care Nurses J,10.1016/s1033-3355(11)80050-0,https://linkinghub.elsevier.com/retrieve/pii/S1033335511800500,ScienceDirect,1990
11405025,Pract Periodontics Aesthet Dent,,,,2000
11405025,Pract Periodontics Aesthet Dent,,,,2000
11404915,Pract Periodontics Aesthet Dent,,,,2000
10160916,AOHA,,,,1992
10160916,AOHA,,,,1992
10160914,AOHA,,,,1992
9526425,Sairaanhoitaja (1991),,,,1998
9526425,Sairaanhoitaja (1991),,,,1998
9485889,Sairaanhoitaja (1991),,,,1998
7994065,Blood Cells,,,,1994
7994065,Blood Cells,,,,1994
7749108,Blood Cells,,,,1994
38910433,Disabil Rehabil,10.1080/09638288.2024.2367599,https://www.tandfonline.com/doi/full/10.1080/09638288.2024.2367599,Taylor & Francis,2024
38910433,Disabil Rehabil,10.1080/09638288.2024.2367599,https://www.tandfonline.com/doi/full/10.1080/09638288.2024.2367599,Taylor & Francis,2024
38821140,Disabil Rehabil,10.1080/09638288.2024.2356010,https://www.tandfonline.com/doi/full/10.1080/09638288.2024.2356010,Taylor & Francis,2024
1848121,Blood Vessels,10.1159/000158851,https://karger.com/jvr/article-abstract/28/1-3/122/335956/Interaction-of-Vascular-Alpha-1-Adrenoceptors-with?redirectedFrom=fulltext,Karger,1991
1848121,Blood Vessels,10.1159/000158851,https://karger.com/jvr/article-abstract/28/1-3/122/335956/Interaction-of-Vascular-Alpha-1-Adrenoceptors-with?redirectedFrom=fulltext,Karger,1991
1672099,Blood Vessels,,,,1991
800726,Blue Cross Assoc Res Ser,,,,1975
800726,Blue Cross Assoc Res Ser,,,,1975
800726,Blue Cross Assoc Res Ser,,,,1975
1742495,Prog Odontoiatr,,,,1991
1742495,Prog Odontoiatr,,,,1991
1884043,Prog Odontoiatr,,,,1991
12503196,Jpn J Hum Genet,10.1007/BF02766950,https://www.nature.com/articles/jhg199739,Nature Publishing Group,1997
12503196,Jpn J Hum Genet,10.1007/BF02766950,https://www.nature.com/articles/jhg199739,Nature Publishing Group,1997
9088108,Jpn J Hum Genet,10.1007/BF01876328,https://www.nature.com/articles/jhg199635,Nature Publishing Group,1996
23236685,Dent Implantol Update,,,,2012
23236685,Dent Implantol Update,,,,2012
21815315,Dent Implantol Update,,,,2011
1627823,EDS Mag,,,,1992
1627823,EDS Mag,,,,1992
1893216,EDS Mag,,,,1991
7579528,Dev Suppl,,,,1994
7579528,Dev Suppl,,,,1994
8049471,Dev Suppl,,,,1993
2131109,Nihon Rinsho Shishubyo Danwakai Kaishi,,,,1990
2131109,Nihon Rinsho Shishubyo Danwakai Kaishi,,,,1990
3914676,Nihon Rinsho Shishubyo Danwakai Kaishi,,,,1985
9025030,J Laparoendosc Surg,10.1089/lps.1996.6.435,https://www.liebertpub.com/doi/10.1089/lps.1996.6.435,Unknown,1996
9025030,J Laparoendosc Surg,10.1089/lps.1996.6.435,https://www.liebertpub.com/doi/10.1089/lps.1996.6.435,Unknown,1996
8735050,J Laparoendosc Surg,10.1089/lps.1996.6.117,https://www.liebertpub.com/doi/10.1089/lps.1996.6.117,Unknown,1996
10175183,Hosp Cost Manag Account,,,,1997
10175183,Hosp Cost Manag Account,,,,1997
10175183,Hosp Cost Manag Account,,,,1997
1811805,Cranio Clin Int,,,,1991
1811805,Cranio Clin Int,,,,1991
1932820,Cranio Clin Int,,,,1991
1786412,Cell Biol Rev,,,,1991
1786412,Cell Biol Rev,,,,1991
1722428,Cell Biol Rev,,,,1991
11347198,J Assoc Healthc Philanthr,,,,2001
11347198,J Assoc Healthc Philanthr,,,,2001
10160295,J Assoc Healthc Philanthr,,,,1996
10346452,J Am Assoc Med Transcr,,,,1996
10346452,J Am Assoc Med Transcr,,,,1996
10139386,J Am Assoc Med Transcr,,,,1995
38736268,J Physiol Pharmacol,10.26402/jpp.2024.2.10,https://jpp.krakow.pl/journal/archive/04_24/pdf/10.26402/jpp.2024.2.10.pdf,Unknown,2024
38736268,J Physiol Pharmacol,10.26402/jpp.2024.2.10,https://jpp.krakow.pl/journal/archive/04_24/pdf/10.26402/jpp.2024.2.10.pdf,Unknown,2024
38085514,J Physiol Pharmacol,10.26402/jpp.2023.5.02,https://jpp.krakow.pl/journal/archive/10_23/pdf/10.26402/jpp.2023.5.02.pdf,Unknown,2023
16144208,Eur J Surg Suppl,,,,2002
16144208,Eur J Surg Suppl,,,,2002
10890233,Eur J Surg Suppl,10.1080/11024159950188556,https://academic.oup.com/crawlprevention/governor?content=%2fejs%2farticle%2f165%2fSupplement_9%2f49-50%2f6039473,Oxford University Press,1999
18464041,DNA Seq,10.1080/10425170701606235,https://www.tandfonline.com/doi/full/10.1080/10425170701606235,Taylor & Francis,2008
18464041,DNA Seq,10.1080/10425170701606235,https://www.tandfonline.com/doi/full/10.1080/10425170701606235,Taylor & Francis,2008
17381045,DNA Seq,10.1080/10425170600752593,https://www.tandfonline.com/doi/full/10.1080/10425170600752593,Taylor & Francis,2006
9132071,Ital J Gastroenterol,,,,1996
9132071,Ital J Gastroenterol,,,,1996
8743071,Ital J Gastroenterol,,,,1996
38910126,Nihon Koshu Eisei Zasshi,10.11236/jph.23-107,https://www.jstage.jst.go.jp/article/jph/advpub/0/advpub_23-107/_article/-char/ja/,Unknown,2024
38910126,Nihon Koshu Eisei Zasshi,10.11236/jph.23-107,https://www.jstage.jst.go.jp/article/jph/advpub/0/advpub_23-107/_article/-char/ja/,Unknown,2024
38556363,Nihon Koshu Eisei Zasshi,10.11236/jph.23-057,https://www.jstage.jst.go.jp/article/jph/71/6/71_23-057/_article/-char/ja/,Unknown,2024
38710219,J Am Acad Audiol,10.1055/a-2320-5600,https://www.thieme-connect.de/products/ejournals/abstract/10.1055/a-2320-5600,Unknown,2024
38710219,J Am Acad Audiol,10.1055/a-2320-5600,https://www.thieme-connect.de/products/ejournals/abstract/10.1055/a-2320-5600,Unknown,2024
36049754,J Am Acad Audiol,10.1055/s-0041-1736649,https://www.thieme-connect.de/products/ejournals/abstract/10.1055/s-0041-1736649,Unknown,2022
38845380,J Biol Rhythms,10.1177/07487304241256004,https://journals.sagepub.com/doi/10.1177/07487304241256004,SAGE Publications,2024
38845380,J Biol Rhythms,10.1177/07487304241256004,https://journals.sagepub.com/doi/10.1177/07487304241256004,SAGE Publications,2024
35722987,J Biol Rhythms,10.1177/07487304221102279,https://journals.sagepub.com/doi/10.1177/07487304221102279,SAGE Publications,2022
38728700,J Clin Ethics,10.1086/729419,https://www.journals.uchicago.edu/doi/10.1086/729419,Unknown,2024
38728700,J Clin Ethics,10.1086/729419,https://www.journals.uchicago.edu/doi/10.1086/729419,Unknown,2024
35731814,J Clin Ethics,,,,2022
38904979,Mol Plant Microbe Interact,10.1094/MPMI-05-24-0059-R,https://apsjournals.apsnet.org/doi/10.1094/MPMI-05-24-0059-R,Unknown,2024
38904979,Mol Plant Microbe Interact,10.1094/MPMI-05-24-0059-R,https://apsjournals.apsnet.org/doi/10.1094/MPMI-05-24-0059-R,Unknown,2024
38551366,Mol Plant Microbe Interact,10.1094/MPMI-11-23-0196-CR,https://apsjournals.apsnet.org/doi/10.1094/MPMI-11-23-0196-CR,Unknown,2024
37232324,Rev Sci Tech,10.20506/rst.42.3343,https://doc.woah.org/dyn/portal/index.xhtml?page=alo&aloId=43215,Unknown,2023
37232324,Rev Sci Tech,10.20506/rst.42.3343,https://doc.woah.org/dyn/portal/index.xhtml?page=alo&aloId=43215,Unknown,2023
34140734,Rev Sci Tech,10.20506/rst.40.1.3214,https://doc.oie.int/dyn/portal/index.xhtml?page=alo&aloId=41275,Unknown,2021
5978215,BMQ,,,,1966
5978215,BMQ,,,,1966
14055000,BMQ,,,,1963
2134868,Shika Kiso Igakkai Zasshi,10.2330/joralbiosci1965.32.87,https://www.jstage.jst.go.jp/article/joralbiosci1965/32/1/32_1_87/_article,Unknown,1990
2134868,Shika Kiso Igakkai Zasshi,10.2330/joralbiosci1965.32.87,https://www.jstage.jst.go.jp/article/joralbiosci1965/32/1/32_1_87/_article,Unknown,1990
2519278,Shika Kiso Igakkai Zasshi,10.2330/joralbiosci1965.31.363,https://www.jstage.jst.go.jp/article/joralbiosci1965/31/4/31_4_363/_article/-char/ja/,Unknown,1989
38909585,J Diabetes Complications,10.1016/j.jdiacomp.2024.108797,https://linkinghub.elsevier.com/retrieve/pii/S1056872724001235,ScienceDirect,2024
38909585,J Diabetes Complications,10.1016/j.jdiacomp.2024.108797,https://linkinghub.elsevier.com/retrieve/pii/S1056872724001235,ScienceDirect,2024
38574694,J Diabetes Complications,10.1016/j.jdiacomp.2024.108719,https://linkinghub.elsevier.com/retrieve/pii/S105687272400045X,ScienceDirect,2024
22132753,AAOHN J,10.3928/08910162-20111123-03,https://wyanokegroup.com/?doi=10.3928/08910162-20111123-03,Oxford University Press,2011
22132753,AAOHN J,10.3928/08910162-20111123-03,https://wyanokegroup.com/?doi=10.3928/08910162-20111123-03,Oxford University Press,2011
21117531,AAOHN J,10.3928/08910162-20101124-03,https://wyanokegroup.com/?doi=10.3928/08910162-20101124-03,Oxford University Press,2010
6961925,Alpha Omega Fr,,,,1982
6961925,Alpha Omega Fr,,,,1982
6760878,Alpha Omega Fr,,,,1982
38889889,Am J Perinatol,10.1055/a-2347-4135,https://www.thieme-connect.de/products/ejournals/abstract/10.1055/a-2347-4135,Unknown,2024
38889889,Am J Perinatol,10.1055/a-2347-4135,https://www.thieme-connect.de/products/ejournals/abstract/10.1055/a-2347-4135,Unknown,2024
38537691,Am J Perinatol,10.1055/a-2295-6339,https://www.thieme-connect.de/products/ejournals/abstract/10.1055/a-2295-6339,Unknown,2024
7880331,Ann Physiol Anthropol,10.2114/ahs1983.13.421,https://www.jstage.jst.go.jp/article/ahs1983/13/6/13_6_421/_article/-char/ja/,Unknown,1994
7880331,Ann Physiol Anthropol,10.2114/ahs1983.13.421,https://www.jstage.jst.go.jp/article/ahs1983/13/6/13_6_421/_article/-char/ja/,Unknown,1994
7916761,Ann Physiol Anthropol,10.2114/ahs1983.13.175,https://www.jstage.jst.go.jp/article/ahs1983/13/4/13_4_175/_article/-char/ja/,Unknown,1994
38914025,Pediatr Neurol,10.1016/j.pediatrneurol.2024.05.024,https://linkinghub.elsevier.com/retrieve/pii/S088789942400225X,ScienceDirect,2024
38914025,Pediatr Neurol,10.1016/j.pediatrneurol.2024.05.024,https://linkinghub.elsevier.com/retrieve/pii/S088789942400225X,ScienceDirect,2024
38382245,Pediatr Neurol,10.1016/j.pediatrneurol.2024.01.019,https://linkinghub.elsevier.com/retrieve/pii/S088789942400033X,ScienceDirect,2024
5843042,Additamenta Folia Med Neerl,,,,1963
5843042,Additamenta Folia Med Neerl,,,,1963
5843037,Additamenta Folia Med Neerl,,,,1963
38904427,Alcohol Alcohol,10.1093/alcalc/agae046,https://academic.oup.com/crawlprevention/governor?content=%2falcalc%2farticle%2fdoi%2f10.1093%2falcalc%2fagae046%2f7696889,Oxford University Press,2024
38904427,Alcohol Alcohol,10.1093/alcalc/agae046,https://academic.oup.com/crawlprevention/governor?content=%2falcalc%2farticle%2fdoi%2f10.1093%2falcalc%2fagae046%2f7696889,Oxford University Press,2024
37788828,Alcohol Alcohol,10.1093/alcalc/agad062,https://academic.oup.com/crawlprevention/governor?content=%2falcalc%2farticle%2f58%2f6%2f662%2f7288164,Oxford University Press,2023
3828007,Alcohol Drug Res,,,,1987
3828007,Alcohol Drug Res,,,,1987
2431698,Alcohol Drug Res,,,,1987
18046838,Alcohol Alcohol Suppl,,,,2007
18046838,Alcohol Alcohol Suppl,,,,2007
8974376,Alcohol Alcohol Suppl,,,,1994
1088058,Acta Anat Suppl (Basel),,,,1976
1088058,Acta Anat Suppl (Basel),,,,1976
4247191,Acta Anat Suppl (Basel),10.1159/000143351,https://karger.com/aan/article.aspx?articleid=326537,Karger,1969
38700690,Adv Tech Stand Neurosurg,10.1007/978-3-031-42398-7_14,https://link.springer.com/chapter/10.1007/978-3-031-42398-7_14,Springer,2024
38700690,Adv Tech Stand Neurosurg,10.1007/978-3-031-42398-7_14,https://link.springer.com/chapter/10.1007/978-3-031-42398-7_14,Springer,2024
26508407,Adv Tech Stand Neurosurg,10.1007/978-3-319-21359-0_4,https://link.springer.com/chapter/10.1007/978-3-319-21359-0_4,Springer,2016
3828009,AIDS Res,,,,1986
3828009,AIDS Res,,,,1986
3013219,AIDS Res,10.1089/aid.1.1986.2.5,https://www.liebertpub.com/doi/10.1089/aid.1.1986.2.5,Unknown,1986
5289619,Bol Asoc Argent Odontol Ninos,,,,1971
5289619,Bol Asoc Argent Odontol Ninos,,,,1971
4257333,Bol Asoc Argent Odontol Ninos,,,,1971
6561959,AANNT J,,,,1984
6561959,AANNT J,,,,1984
6556907,AANNT J,,,,1983
11995714,Cytometry Suppl,,,,2002
11995714,Cytometry Suppl,,,,2002
3076369,Cytometry Suppl,10.1002/cyto.990090814,https://onlinelibrary.wiley.com/doi/10.1002/cyto.990090814,Wiley,1988
8507299,S C Nurse,,,,1993
8507299,S C Nurse,,,,1993
2712957,S C Nurse,,,,1989
10343979,Mol Chem Neuropathol,10.1007/BF02815124,https://link.springer.com/article/10.1007/BF02815124,Springer,1998
10343979,Mol Chem Neuropathol,10.1007/BF02815124,https://link.springer.com/article/10.1007/BF02815124,Springer,1998
9138429,Mol Chem Neuropathol,10.1007/BF02815150,https://link.springer.com/article/10.1007/BF02815150,Springer,1997
29861498,Bol Asoc Med P R,,,,2017
29861498,Bol Asoc Med P R,,,,2017
26434084,Bol Asoc Med P R,,,,2015
10537989,N Z Health Hospital,,,,1997
10537989,N Z Health Hospital,,,,1997
10172605,N Z Health Hospital,,,,1996
38914098,Laryngorhinootologie,10.1055/a-2318-6877,https://www.thieme-connect.de/products/ejournals/abstract/10.1055/a-2318-6877,Unknown,2024
38914098,Laryngorhinootologie,10.1055/a-2318-6877,https://www.thieme-connect.de/products/ejournals/abstract/10.1055/a-2318-6877,Unknown,2024
38408484,Laryngorhinootologie,10.1055/a-2249-3796,https://www.thieme-connect.de/products/ejournals/abstract/10.1055/a-2249-3796,Unknown,2024
11188171,QRC Advis,,,,2000
11188171,QRC Advis,,,,2000
10176014,QRC Advis,,,,1997
1476590,Noseleutike,,,,1992
1476590,Noseleutike,,,,1992
2090136,Noseleutike,,,,1990
38842174,Annu Rev Public Health,10.1146/annurev-publhealth-060722-025138,https://www.annualreviews.org/content/journals/10.1146/annurev-publhealth-060722-025138,Unknown,2024
38842174,Annu Rev Public Health,10.1146/annurev-publhealth-060722-025138,https://www.annualreviews.org/content/journals/10.1146/annurev-publhealth-060722-025138,Unknown,2024
36266262,Annu Rev Public Health,10.1146/annurev-publhealth-071421-031614,https://www.annualreviews.org/doi/10.1146/annurev-publhealth-071421-031614,Unknown,2023
38877878,Asian Pac J Allergy Immunol,,,,2024
38877878,Asian Pac J Allergy Immunol,,,,2024
36278780,Asian Pac J Allergy Immunol,10.12932/AP-241021-1259,https://apjai-journal.org/wp-content/uploads/2022/10/AP-241021-1259.pdf,Unknown,2022
5194952,Bol Asoc Venez Enferm Prof,,,,1969
5194952,Bol Asoc Venez Enferm Prof,,,,1969
5178591,Bol Asoc Venez Enferm Prof,,,,1966
38898696,Birth,10.1111/birt.12841,https://onlinelibrary.wiley.com/doi/10.1111/birt.12841,Wiley,2024
38898696,Birth,10.1111/birt.12841,https://onlinelibrary.wiley.com/doi/10.1111/birt.12841,Wiley,2024
38590170,Birth,10.1111/birt.12822,https://onlinelibrary.wiley.com/doi/10.1111/birt.12822,Wiley,2024
10144079,Ky Hosp Mag,,,,1995
10144079,Ky Hosp Mag,,,,1995
10125441,Ky Hosp Mag,,,,1993
1776988,Av Odontoestomatol,,,,1991
1776988,Av Odontoestomatol,,,,1991
2222652,Av Odontoestomatol,,,,1990
38902971,Proc Inst Mech Eng H,10.1177/09544119241256715,https://journals.sagepub.com/doi/10.1177/09544119241256715,SAGE Publications,2024
38902971,Proc Inst Mech Eng H,10.1177/09544119241256715,https://journals.sagepub.com/doi/10.1177/09544119241256715,SAGE Publications,2024
38235731,Proc Inst Mech Eng H,10.1177/09544119231221193,https://journals.sagepub.com/doi/10.1177/09544119231221193,SAGE Publications,2024
9376018,J Intern Med Suppl,,,,1997
9376018,J Intern Med Suppl,,,,1997
2166523,J Intern Med Suppl,10.1111/j.1365-2796.1990.tb01486.x,https://onlinelibrary.wiley.com/doi/10.1111/j.1365-2796.1990.tb01486.x,Wiley,1990
8117376,Rev Fr Transfus Hemobiol,10.1016/s1140-4639(05)80226-6,https://linkinghub.elsevier.com/retrieve/pii/S1140463905802266,ScienceDirect,1993
8117376,Rev Fr Transfus Hemobiol,10.1016/s1140-4639(05)80226-6,https://linkinghub.elsevier.com/retrieve/pii/S1140463905802266,ScienceDirect,1993
1712203,Rev Fr Transfus Hemobiol,10.1016/s1140-4639(05)80069-3,https://linkinghub.elsevier.com/retrieve/pii/S1140463905800693,ScienceDirect,1991
1867727,Annu Rev Biophys Biophys Chem,10.1146/annurev.bb.20.060191.000455,https://www.annualreviews.org/doi/10.1146/annurev.bb.20.060191.000455,Unknown,1991
1867727,Annu Rev Biophys Biophys Chem,10.1146/annurev.bb.20.060191.000455,https://www.annualreviews.org/doi/10.1146/annurev.bb.20.060191.000455,Unknown,1991
2456074,Annu Rev Biophys Biophys Chem,10.1146/annurev.bb.17.060188.001123,https://www.annualreviews.org/doi/10.1146/annurev.bb.17.060188.001123,Unknown,1988
1839708,Rev Eur Odontoestomatol,,,,1991
1839708,Rev Eur Odontoestomatol,,,,1991
2094264,Rev Eur Odontoestomatol,,,,1990
9115548,Arctic Med Res,,,,1996
9115548,Arctic Med Res,,,,1996
7639900,Arctic Med Res,,,,1995
38873755,Health Serv Manage Res,10.1177/09514848241254931,https://journals.sagepub.com/doi/10.1177/09514848241254931,SAGE Publications,2024
38873755,Health Serv Manage Res,10.1177/09514848241254931,https://journals.sagepub.com/doi/10.1177/09514848241254931,SAGE Publications,2024
36627202,Health Serv Manage Res,10.1177/09514848231151814,https://journals.sagepub.com/doi/10.1177/09514848231151814,SAGE Publications,2024
10184879,HMO Pract,,,,1998
10184879,HMO Pract,,,,1998
10176518,HMO Pract,,,,1997
10747670,Clin Lab Manage Rev,,,,1999
10747670,Clin Lab Manage Rev,,,,1999
10178712,Clin Lab Manage Rev,,,,1998
10131182,Chief Inf Off J,,,,1993
10131182,Chief Inf Off J,,,,1993
10115133,Chief Inf Off J,,,,1991
10106925,DRG Monit,,,,1990
10106925,DRG Monit,,,,1990
10292468,DRG Monit,,,,1989
10296267,Choices Respir Manage,,,,1989
10296267,Choices Respir Manage,,,,1989
10295773,Choices Respir Manage,,,,1989
12058674,Bol Chil Parasitol,,,,2001
12058674,Bol Chil Parasitol,,,,2001
12058670,Bol Chil Parasitol,,,,2001
10631792,Zentralbl Hyg Umweltmed,,,,1999
10631792,Zentralbl Hyg Umweltmed,,,,1999
10507137,Zentralbl Hyg Umweltmed,,,,1999
38905586,Int J Prosthodont,10.11607/ijp.8301,https://www.quintessence-publishing.com/usa/en/article/5488197/the-international-journal-of-prosthodontics/2024/03/does-continuous-chemical-disinfection-affect-mechanical-properties-of-cadcam-pmma,Unknown,2024
38905586,Int J Prosthodont,10.11607/ijp.8301,https://www.quintessence-publishing.com/usa/en/article/5488197/the-international-journal-of-prosthodontics/2024/03/does-continuous-chemical-disinfection-affect-mechanical-properties-of-cadcam-pmma,Unknown,2024
38787589,Int J Prosthodont,10.11607/ijp.8828,https://www.quintessence-publishing.com/usa/en/article/5379595/the-international-journal-of-prosthodontics/2024/07/additive-manufacturing-technologies-where-did-we-start-and-where-have-we-landed-a-narrative-review,Unknown,2024
30516480,Ostomy Wound Manage,,,,2018
30516480,Ostomy Wound Manage,,,,2018
30059345,Ostomy Wound Manage,,,,2018
12375884,Anticancer Drug Des,,,,2001
12375884,Anticancer Drug Des,,,,2001
12049481,Anticancer Drug Des,,,,2001
1073222,Bol Equipe Odontol Sanit,,,,1975
1073222,Bol Equipe Odontol Sanit,,,,1975
1073221,Bol Equipe Odontol Sanit,,,,1975
1930605,Adv Clin Care,,,,1991
1930605,Adv Clin Care,,,,1991
2021413,Adv Clin Care,,,,1991
10317798,Appl Cardiol,,,,1986
10317798,Appl Cardiol,,,,1986
10278413,Appl Cardiol,,,,1986
6590068,Bol Col Prof Enferm P R,,,,1983
6590068,Bol Col Prof Enferm P R,,,,1983
1070317,Bol Col Prof Enferm P R,,,,1976
8110347,Arch Emerg Med,10.1136/emj.10.4.388,https://emj.bmj.com/content/10/4/388,Unknown,1993
8110347,Arch Emerg Med,10.1136/emj.10.4.388,https://emj.bmj.com/content/10/4/388,Unknown,1993
8110324,Arch Emerg Med,10.1136/emj.10.4.321,https://emj.bmj.com/content/10/4/321,Unknown,1993
5293252,Bol Dent Oper,,,,1971
5293252,Bol Dent Oper,,,,1971
5281639,Bol Dent Oper,,,,1970
14621118,Eur Respir J Suppl,10.1183/09031936.03.00022103,https://erj.ersjournals.com/content/22/47_suppl/57s,Unknown,2003
14621118,Eur Respir J Suppl,10.1183/09031936.03.00022103,https://erj.ersjournals.com/content/22/47_suppl/57s,Unknown,2003
14621101,Eur Respir J Suppl,10.1183/09031936.03.00000203,https://erj.ersjournals.com/content/22/46_suppl/2s,Unknown,2003
38909275,Z Naturforsch C J Biosci,10.1515/znc-2024-0062,https://www.degruyter.com/document/doi/10.1515/znc-2024-0062/html,Unknown,2024
38909275,Z Naturforsch C J Biosci,10.1515/znc-2024-0062,https://www.degruyter.com/document/doi/10.1515/znc-2024-0062/html,Unknown,2024
38414256,Z Naturforsch C J Biosci,10.1515/znc-2023-0157,https://www.degruyter.com/document/doi/10.1515/znc-2023-0157/html,Unknown,2024
23016462,Anal Quant Cytol Histol,,,,2012
23016462,Anal Quant Cytol Histol,,,,2012
22125845,Anal Quant Cytol Histol,,,,2011
38909484,Accid Anal Prev,10.1016/j.aap.2024.107686,https://linkinghub.elsevier.com/retrieve/pii/S0001457524002318,ScienceDirect,2024
38909484,Accid Anal Prev,10.1016/j.aap.2024.107686,https://linkinghub.elsevier.com/retrieve/pii/S0001457524002318,ScienceDirect,2024
38735194,Accid Anal Prev,10.1016/j.aap.2024.107624,https://linkinghub.elsevier.com/retrieve/pii/S0001457524001696,ScienceDirect,2024
38345281,Acta Odontol Latinoam,10.54589/aol.36/3/183,https://actaodontologicalat.com/wp-content/uploads/2024/01/aol_2023_36_3_183.pdf,Unknown,2023
38345281,Acta Odontol Latinoam,10.54589/aol.36/3/183,https://actaodontologicalat.com/wp-content/uploads/2024/01/aol_2023_36_3_183.pdf,Unknown,2023
38345274,Acta Odontol Latinoam,10.54589/aol.36/3/131,https://actaodontologicalat.com/wp-content/uploads/2024/01/aol_2023_36_3_131.pdf,Unknown,2023
15317362,Anaesthesiol Reanim,,,,2004
15317362,Anaesthesiol Reanim,,,,2004
11187432,Anaesthesiol Reanim,,,,2000
5213411,Bol Dent Urug,,,,1965
5213411,Bol Dent Urug,,,,1965
20245844,Bol Dent Urug,,,,1946
753241,Bol Div Nac Dermatol Sanit,,,,1978
753241,Bol Div Nac Dermatol Sanit,,,,1978
753234,Bol Div Nac Dermatol Sanit,,,,1978
10110517,AOHA Today,,,,1991
10110517,AOHA Today,,,,1991
10304331,AOHA Today,,,,1989
38848306,Viral Immunol,10.1089/vim.2024.0013,https://www.liebertpub.com/doi/10.1089/vim.2024.0013,Unknown,2024
38848306,Viral Immunol,10.1089/vim.2024.0013,https://www.liebertpub.com/doi/10.1089/vim.2024.0013,Unknown,2024
37831916,Viral Immunol,10.1089/vim.2023.0051,https://www.liebertpub.com/doi/10.1089/vim.2023.0051,Unknown,2023
10050176,World Health Forum,,,,1998
10050176,World Health Forum,,,,1998
9610245,World Health Forum,,,,1998
5275120,Bol Dir Gen Odontol (Santa Fe),,,,1969
5275120,Bol Dir Gen Odontol (Santa Fe),,,,1969
5214913,Bol Dir Gen Odontol (Santa Fe),,,,1965
38809516,J Geriatr Psychiatry Neurol,10.1177/08919887241254467,https://journals.sagepub.com/doi/10.1177/08919887241254467,SAGE Publications,2024
38809516,J Geriatr Psychiatry Neurol,10.1177/08919887241254467,https://journals.sagepub.com/doi/10.1177/08919887241254467,SAGE Publications,2024
35380488,J Geriatr Psychiatry Neurol,10.1177/08919887221090214,https://journals.sagepub.com/doi/10.1177/08919887221090214,SAGE Publications,2023
10614326,Hawaii Nurse,,,,1999
10614326,Hawaii Nurse,,,,1999
8716223,Hawaii Nurse,,,,1996
15038063,WHO Reg Publ Eur Ser,,,,2004
15038063,WHO Reg Publ Eur Ser,,,,2004
11729783,WHO Reg Publ Eur Ser,,,,2001
1930623,Drug Des Deliv,,,,1991
1930623,Drug Des Deliv,,,,1991
2775451,Drug Des Deliv,,,,1989
9409926,Bol Estud Med Biol,,,,1996
9409926,Bol Estud Med Biol,,,,1996
8914627,Bol Estud Med Biol,,,,1995
10330931,J Surg Oncol Suppl,,,,1999
10330931,J Surg Oncol Suppl,,,,1999
1892528,J Surg Oncol Suppl,10.1002/jso.2930480507,https://onlinelibrary.wiley.com/doi/10.1002/jso.2930480507,Wiley,1991
37933846,Adv Dent Res,10.1177/08959374231200840,https://journals.sagepub.com/doi/10.1177/08959374231200840,SAGE Publications,2023
37933846,Adv Dent Res,10.1177/08959374231200840,https://journals.sagepub.com/doi/10.1177/08959374231200840,SAGE Publications,2023
31633390,Adv Dent Res,10.1177/0022034519877386,https://journals.sagepub.com/doi/10.1177/0022034519877386,SAGE Publications,2019
7006625,Baylor Nurs Educ,,,,1980
7006625,Baylor Nurs Educ,,,,1980
7006625,Baylor Nurs Educ,,,,1980
37249204,Biotechnol Genet Eng Rev,10.1080/02648725.2023.2219940,https://www.tandfonline.com/doi/full/10.1080/02648725.2023.2219940,Taylor & Francis,2023
37249204,Biotechnol Genet Eng Rev,10.1080/02648725.2023.2219940,https://www.tandfonline.com/doi/full/10.1080/02648725.2023.2219940,Taylor & Francis,2023
37191026,Biotechnol Genet Eng Rev,10.1080/02648725.2023.2210952,https://www.tandfonline.com/doi/full/10.1080/02648725.2023.2210952,Taylor & Francis,2023
5281644,Bol Fac Farm Odontol Ribeirao Preto,,,,1969
5281644,Bol Fac Farm Odontol Ribeirao Preto,,,,1969
5230483,Bol Fac Farm Odontol Ribeirao Preto,,,,1966
9590892,Afr Dent J,,,,1996
9590892,Afr Dent J,,,,1996
3272732,Afr Dent J,,,,1988
1072741,Bol Fac Odontol Piracicaba,,,,1976
1072741,Bol Fac Odontol Piracicaba,,,,1976
5291652,Bol Fac Odontol Piracicaba,,,,1969
4505283,Bol Inf Col Odontol Estomatol (Barc),,,,1972
4505283,Bol Inf Col Odontol Estomatol (Barc),,,,1972
5214923,Bol Inf Col Odontol Estomatol (Barc),,,,1965
3937540,ADA News,,,,1985
3937540,ADA News,,,,1985
3867369,ADA News,,,,1985
3507210,ADM (1986),,,,1987
3507210,ADM (1986),,,,1987
3483599,ADM (1986),,,,1987
2803483,Carlsberg Res Commun,10.1007/BF02908303,https://link.springer.com/article/10.1007/BF02908303,Springer,1989
2803483,Carlsberg Res Commun,10.1007/BF02908303,https://link.springer.com/article/10.1007/BF02908303,Springer,1989
2478140,Carlsberg Res Commun,10.1007/BF02908301,https://link.springer.com/article/10.1007/BF02908301,Springer,1989
38424492,Annu Rev Phys Chem,10.1146/annurev-physchem-070723-035427,https://www.annualreviews.org/content/journals/10.1146/annurev-physchem-070723-035427,Unknown,2024
38424492,Annu Rev Phys Chem,10.1146/annurev-physchem-070723-035427,https://www.annualreviews.org/content/journals/10.1146/annurev-physchem-070723-035427,Unknown,2024
37093660,Annu Rev Phys Chem,10.1146/annurev-physchem-062322-051532,https://www.annualreviews.org/doi/10.1146/annurev-physchem-062322-051532,Unknown,2023
2257051,Adv Clin Rehabil,,,,1990
2257051,Adv Clin Rehabil,,,,1990
2257045,Adv Clin Rehabil,,,,1990
1755938,Oxf Surv Eukaryot Genes,,,,1991
1755938,Oxf Surv Eukaryot Genes,,,,1991
1755935,Oxf Surv Eukaryot Genes,,,,1991
3569873,Genet Epidemiol Suppl,10.1002/gepi.1370030711,https://onlinelibrary.wiley.com/doi/10.1002/gepi.1370030711,Wiley,1986
3569873,Genet Epidemiol Suppl,10.1002/gepi.1370030711,https://onlinelibrary.wiley.com/doi/10.1002/gepi.1370030711,Wiley,1986
3471661,Genet Epidemiol Suppl,10.1002/gepi.1370030727,https://onlinelibrary.wiley.com/doi/10.1002/gepi.1370030727,Wiley,1986
3274101,Bull Acad Natl Chir Dent,,,,1988
3274101,Bull Acad Natl Chir Dent,,,,1988
3273165,Bull Acad Natl Chir Dent,,,,1986
1930658,Dimens Oncol Nurs,,,,1991
1930658,Dimens Oncol Nurs,,,,1991
2206363,Dimens Oncol Nurs,,,,1990
6590070,Bol Inf Dent (Madr),,,,1983
6590070,Bol Inf Dent (Madr),,,,1983
293189,Bol Inf Dent (Madr),,,,1979
9339996,Epilepsy Res Suppl,,,,1996
9339996,Epilepsy Res Suppl,,,,1996
9302513,Epilepsy Res Suppl,,,,1996
9620064,J Neural Transm Park Dis Dement Sect,10.1007/BF02251232,https://link.springer.com/article/10.1007/BF02251232,Springer,1995
9620064,J Neural Transm Park Dis Dement Sect,10.1007/BF02251232,https://link.springer.com/article/10.1007/BF02251232,Springer,1995
7605592,J Neural Transm Park Dis Dement Sect,10.1007/BF02252965,https://link.springer.com/article/10.1007/BF02252965,Springer,1995
2169757,J Mol Cell Immunol,,,,1990
2169757,J Mol Cell Immunol,,,,1990
2169757,J Mol Cell Immunol,,,,1990
14318772,J South Calif State Dent Assoc,,,,1965
14318772,J South Calif State Dent Assoc,,,,1965
21024996,J South Calif State Dent Assoc,,,,1946
38832641,J Mol Endocrinol,10.1530/JME-24-0026,https://jme.bioscientifica.com/view/journals/jme/73/2/JME-24-0026.xml,Unknown,2024
38832641,J Mol Endocrinol,10.1530/JME-24-0026,https://jme.bioscientifica.com/view/journals/jme/73/2/JME-24-0026.xml,Unknown,2024
36222832,J Mol Endocrinol,10.1530/JME-22-0049,https://jme.bioscientifica.com/view/journals/jme/70/1/JME-22-0049.xml,Unknown,2023
12575624,Allerg Immunol (Paris),,,,2002
12575624,Allerg Immunol (Paris),,,,2002
12134642,Allerg Immunol (Paris),,,,2002
5317664,Bol Inst Estud Med Biol Univ Nac Auton Mex,,,,1966
5317664,Bol Inst Estud Med Biol Univ Nac Auton Mex,,,,1966
14120767,Bol Inst Estud Med Biol Univ Nac Auton Mex,,,,1963
8745575,Sci China B,,,,1995
8745575,Sci China B,,,,1995
7917005,Sci China B,,,,1994
17169317,Reprod Nutr Dev,10.1051/rnd:2006046,https://rnd.edpsciences.org/articles/rnd/abs/2006/07/r6610/r6610.html,Unknown,2006
17169317,Reprod Nutr Dev,10.1051/rnd:2006046,https://rnd.edpsciences.org/articles/rnd/abs/2006/07/r6610/r6610.html,Unknown,2006
16438918,Reprod Nutr Dev,10.1051/rnd:2005068,https://rnd.edpsciences.org/articles/rnd/abs/2006/01/r6112/r6112.html,Unknown,2006
17393747,Arb Paul Ehrlich Inst Bundesamt Sera Impfstoffe Frankf A M,,,,2006
17393747,Arb Paul Ehrlich Inst Bundesamt Sera Impfstoffe Frankf A M,,,,2006
15119049,Arb Paul Ehrlich Inst Bundesamt Sera Impfstoffe Frankf A M,,,,2003
38907628,Crit Rev Food Sci Nutr,10.1080/10408398.2024.2367571,https://www.tandfonline.com/doi/full/10.1080/10408398.2024.2367571,Taylor & Francis,2024
38907628,Crit Rev Food Sci Nutr,10.1080/10408398.2024.2367571,https://www.tandfonline.com/doi/full/10.1080/10408398.2024.2367571,Taylor & Francis,2024
38153311,Crit Rev Food Sci Nutr,10.1080/10408398.2023.2296559,https://www.tandfonline.com/doi/full/10.1080/10408398.2023.2296559,Taylor & Francis,2023
11802476,Crit Rev Diagn Imaging,,,,2001
11802476,Crit Rev Diagn Imaging,,,,2001
1622547,Crit Rev Diagn Imaging,,,,1992
1844566,Magnes Trace Elem,,,,1991
1844566,Magnes Trace Elem,,,,1991
1844550,Magnes Trace Elem,,,,1991
5535332,Bol Inst Pueric Martagao Gesteira,,,,1970
5535332,Bol Inst Pueric Martagao Gesteira,,,,1970
5861847,Bol Inst Pueric Martagao Gesteira,,,,1965
12945563,Chem Immunol,,,,2000
12945563,Chem Immunol,,,,2000
12058650,Chem Immunol,10.1159/000058836,https://karger.com/books/book/2410/chapter-abstract/5732430/Malaria-Vaccine-Trials?redirectedFrom=fulltext,Karger,2002
38888596,DNA Cell Biol,10.1089/dna.2023.0395,https://www.liebertpub.com/doi/10.1089/dna.2023.0395,Unknown,2024
38888596,DNA Cell Biol,10.1089/dna.2023.0395,https://www.liebertpub.com/doi/10.1089/dna.2023.0395,Unknown,2024
38241502,DNA Cell Biol,10.1089/dna.2023.0341,https://www.liebertpub.com/doi/10.1089/dna.2023.0341,Unknown,2024
29513941,Can J Cardiovasc Nurs,,,,2016
29513941,Can J Cardiovasc Nurs,,,,2016
23461238,Can J Cardiovasc Nurs,,,,2013
603257,Arch Dermatol Res (1975),10.1007/BF00561421,https://link.springer.com/article/10.1007/BF00561421,Springer,1977
603257,Arch Dermatol Res (1975),10.1007/BF00561421,https://link.springer.com/article/10.1007/BF00561421,Springer,1977
931437,Arch Dermatol Res (1975),10.1007/BF00558009,https://link.springer.com/article/10.1007/BF00558009,Springer,1977
10121005,Health Policy Week,,,,1992
10121005,Health Policy Week,,,,1992
10293939,Health Policy Week,,,,1989
1755951,Gastroenterol J,,,,1991
1755951,Gastroenterol J,,,,1991
2803533,Gastroenterol J,,,,1989
10177666,Employ Relat Today,10.1002/ert.3910240412,https://onlinelibrary.wiley.com/doi/10.1002/ert.3910240412,Wiley,1998
10177666,Employ Relat Today,10.1002/ert.3910240412,https://onlinelibrary.wiley.com/doi/10.1002/ert.3910240412,Wiley,1998
10105600,Employ Relat Today,10.1002/ert.3910170208,https://onlinelibrary.wiley.com/doi/10.1002/ert.3910170208,Wiley,1990
5293265,Bol Mat Dent,,,,1971
5293265,Bol Mat Dent,,,,1971
5293265,Bol Mat Dent,,,,1971
38812240,Zhongguo Zhong Yao Za Zhi,10.19540/j.cnki.cjcmm.20240118.104,https://www.chndoi.org/Resolution/Handler?doi=10.19540/j.cnki.cjcmm.20240118.104,Unknown,2024
38812240,Zhongguo Zhong Yao Za Zhi,10.19540/j.cnki.cjcmm.20240118.104,https://www.chndoi.org/Resolution/Handler?doi=10.19540/j.cnki.cjcmm.20240118.104,Unknown,2024
38812199,Zhongguo Zhong Yao Za Zhi,10.19540/j.cnki.cjcmm.20231211.201,https://www.chndoi.org/Resolution/Handler?doi=10.19540/j.cnki.cjcmm.20231211.201,Unknown,2024
38910506,Crit Rev Microbiol,10.1080/1040841X.2024.2364194,https://www.tandfonline.com/doi/full/10.1080/1040841X.2024.2364194,Taylor & Francis,2024
38910506,Crit Rev Microbiol,10.1080/1040841X.2024.2364194,https://www.tandfonline.com/doi/full/10.1080/1040841X.2024.2364194,Taylor & Francis,2024
36165023,Crit Rev Microbiol,10.1080/1040841X.2022.2125286,https://www.tandfonline.com/doi/full/10.1080/1040841X.2022.2125286,Taylor & Francis,2023
5274328,Am Fam Physician GP,,,,1970
5274328,Am Fam Physician GP,,,,1970
5273258,Am Fam Physician GP,,,,1970
1768342,Radiogr Today,,,,1991
1768342,Radiogr Today,,,,1991
1755957,Radiogr Today,,,,1991
38869005,Crit Rev Toxicol,10.1080/10408444.2024.2353174,https://www.tandfonline.com/doi/full/10.1080/10408444.2024.2353174,Taylor & Francis,2024
38869005,Crit Rev Toxicol,10.1080/10408444.2024.2353174,https://www.tandfonline.com/doi/full/10.1080/10408444.2024.2353174,Taylor & Francis,2024
38440945,Crit Rev Toxicol,10.1080/10408444.2024.2310600,https://www.tandfonline.com/doi/full/10.1080/10408444.2024.2310600,Taylor & Francis,2024
38902873,J Appl Gerontol,10.1177/07334648241261462,https://journals.sagepub.com/doi/10.1177/07334648241261462,SAGE Publications,2024
38902873,J Appl Gerontol,10.1177/07334648241261462,https://journals.sagepub.com/doi/10.1177/07334648241261462,SAGE Publications,2024
38536888,J Appl Gerontol,10.1177/07334648241240599,https://journals.sagepub.com/doi/10.1177/07334648241240599,SAGE Publications,2024
2152094,Odontoestomatologia,,,,1990
2152094,Odontoestomatologia,,,,1990
2639687,Odontoestomatologia,,,,1989
8286027,Decubitus,,,,1993
8286027,Decubitus,,,,1993
1558690,Decubitus,,,,1992
3254248,Esencia Odontol,,,,1988
3254248,Esencia Odontol,,,,1988
3254244,Esencia Odontol,,,,1988
38855982,Crit Rev Clin Lab Sci,10.1080/10408363.2024.2360996,https://www.tandfonline.com/doi/full/10.1080/10408363.2024.2360996,Taylor & Francis,2024
38855982,Crit Rev Clin Lab Sci,10.1080/10408363.2024.2360996,https://www.tandfonline.com/doi/full/10.1080/10408363.2024.2360996,Taylor & Francis,2024
36647189,Crit Rev Clin Lab Sci,10.1080/10408363.2022.2162843,https://www.tandfonline.com/doi/full/10.1080/10408363.2022.2162843,Taylor & Francis,2023
38768514,Bol Med Hosp Infant Mex,10.24875/BMHIM.23000169,https://www.bmhim.com/frame_esp.php?id=424,Unknown,2024
38768514,Bol Med Hosp Infant Mex,10.24875/BMHIM.23000169,https://www.bmhim.com/frame_esp.php?id=424,Unknown,2024
38150717,Bol Med Hosp Infant Mex,10.24875/BMHIM.23000059,https://www.bmhim.com/frame_eng.php?id=407,Unknown,2023
38784029,J Pharm Technol,10.1177/87551225231213259,https://journals.sagepub.com/doi/10.1177/87551225231213259,SAGE Publications,2024
38784029,J Pharm Technol,10.1177/87551225231213259,https://journals.sagepub.com/doi/10.1177/87551225231213259,SAGE Publications,2024
38318258,J Pharm Technol,10.1177/87551225231216328,https://journals.sagepub.com/doi/10.1177/87551225231216328,SAGE Publications,2024
5281651,Bol Odontol (B Aires),,,,1970
5281651,Bol Odontol (B Aires),,,,1970
5268288,Bol Odontol (B Aires),,,,1970
38913706,Behav Neurosci,10.1037/bne0000594,https://psycnet.apa.org:443/fulltext/2024-97071-001.html,Unknown,2024
38913706,Behav Neurosci,10.1037/bne0000594,https://psycnet.apa.org:443/fulltext/2024-97071-001.html,Unknown,2024
35901372,Behav Neurosci,10.1037/bne0000532,https://psycnet.apa.org:443/doiLanding?doi=10.1037/bne0000532&,Unknown,2023
4506028,Bol Odontol (Bogota),,,,1972
4506028,Bol Odontol (Bogota),,,,1972
5283579,Bol Odontol (Bogota),,,,1970
3939710,Acta Anthropogenet,,,,1985
3939710,Acta Anthropogenet,,,,1985
6608358,Acta Anthropogenet,,,,1983
2334515,Adv Biotechnol Processes,,,,1990
2334515,Adv Biotechnol Processes,,,,1990
2783849,Adv Biotechnol Processes,,,,1989
10325155,Aged Care Serv Rev,,,,1980
10325155,Aged Care Serv Rev,,,,1980
10297889,Aged Care Serv Rev,,,,1980
1812900,Update Pediatr Dent,,,,1991
1812900,Update Pediatr Dent,,,,1991
1812898,Update Pediatr Dent,,,,1991
5220603,Bol Odontol Mex,,,,1966
5220603,Bol Odontol Mex,,,,1966
5213415,Bol Odontol Mex,,,,1965
31310709,J Clin Dent,,,,2019
31310709,J Clin Dent,,,,2019
26054187,J Clin Dent,,,,2015
1819307,Bilt Udruz Ortodonata Jugosl,,,,1991
1819307,Bilt Udruz Ortodonata Jugosl,,,,1991
2638171,Bilt Udruz Ortodonata Jugosl,,,,1989
2132328,Ou Daigaku Shigakushi,,,,1990
2132328,Ou Daigaku Shigakushi,,,,1990
2640796,Ou Daigaku Shigakushi,,,,1989
9011172,Bol Oficina Sanit Panam,,,,1996
9011172,Bol Oficina Sanit Panam,,,,1996
8037850,Bol Oficina Sanit Panam,,,,1994
9534628,TVZ,,,,1998
9534628,TVZ,,,,1998
9439240,TVZ,,,,1997
1382448,Acta Pharm Nord,,,,1992
1382448,Acta Pharm Nord,,,,1992
2340094,Acta Pharm Nord,,,,1990
2488684,Rev Centro Cienc Biomed Univ Fed Uberlandia,,,,1989
2488684,Rev Centro Cienc Biomed Univ Fed Uberlandia,,,,1989
3917110,Rev Centro Cienc Biomed Univ Fed Uberlandia,,,,1985
9487951,Semin Dent Hyg,,,,1994
9487951,Semin Dent Hyg,,,,1994
2485633,Semin Dent Hyg,,,,1989
5261375,Bol Protes,,,,1969
5261375,Bol Protes,,,,1969
5261375,Bol Protes,,,,1969
10115948,Healthc Bottom Line,,,,1992
10115948,Healthc Bottom Line,,,,1992
10296278,Healthc Bottom Line,,,,1989
2135648,Bull Osaka Med Coll,,,,1990
2135648,Bull Osaka Med Coll,,,,1990
2135640,Bull Osaka Med Coll,,,,1990
5843864,Bol Sanat Sao Lucas,,,,1965
5843864,Bol Sanat Sao Lucas,,,,1965
24536767,Bol Sanat Sao Lucas,,,,1949
10113475,N J Healthc,,,,1990
10113475,N J Healthc,,,,1990
10108927,N J Healthc,,,,1990
12520657,Curr Clin Top Infect Dis,,,,2002
12520657,Curr Clin Top Infect Dis,,,,2002
11572154,Curr Clin Top Infect Dis,,,,2001
38875738,Curr Opin Immunol,10.1016/j.coi.2024.102432,https://linkinghub.elsevier.com/retrieve/pii/S0952791524000220,ScienceDirect,2024
38875738,Curr Opin Immunol,10.1016/j.coi.2024.102432,https://linkinghub.elsevier.com/retrieve/pii/S0952791524000220,ScienceDirect,2024
36870225,Curr Opin Immunol,10.1016/j.coi.2023.102298,https://linkinghub.elsevier.com/retrieve/pii/S0952791523000171,ScienceDirect,2023
38910432,J Biomol Struct Dyn,10.1080/07391102.2024.2337956,https://www.tandfonline.com/doi/full/10.1080/07391102.2024.2337956,Taylor & Francis,2024
38910432,J Biomol Struct Dyn,10.1080/07391102.2024.2337956,https://www.tandfonline.com/doi/full/10.1080/07391102.2024.2337956,Taylor & Francis,2024
38506165,J Biomol Struct Dyn,10.1080/07391102.2024.2329291,https://www.tandfonline.com/doi/full/10.1080/07391102.2024.2329291,Taylor & Francis,2024
38887204,J Korean Med Sci,10.3346/jkms.2024.39.e195,https://jkms.org/DOIx.php?id=10.3346/jkms.2024.39.e195,Unknown,2024
38887204,J Korean Med Sci,10.3346/jkms.2024.39.e195,https://jkms.org/DOIx.php?id=10.3346/jkms.2024.39.e195,Unknown,2024
38529577,J Korean Med Sci,10.3346/jkms.2024.39.e107,https://jkms.org/DOIx.php?id=10.3346/jkms.2024.39.e107,Unknown,2024
1476673,Mol Biother,,,,1992
1476673,Mol Biother,,,,1992
1654931,Mol Biother,,,,1991
38913737,Psychol Aging,10.1037/pag0000839,https://psycnet.apa.org:443/doiLanding?doi=10.1037/pag0000839&,Unknown,2024
38913737,Psychol Aging,10.1037/pag0000839,https://psycnet.apa.org:443/doiLanding?doi=10.1037/pag0000839&,Unknown,2024
38300593,Psychol Aging,10.1037/pag0000794,https://psycnet.apa.org:443/doiLanding?doi=10.1037/pag0000794&,Unknown,2024
38482936,Res Rep Health Eff Inst,,,,2024
38482936,Res Rep Health Eff Inst,,,,2024
19554969,Res Rep Health Eff Inst,,,,2009
1804219,Dev Biol (N Y 1985),10.1007/978-1-4615-6823-0_5,https://link.springer.com/chapter/10.1007/978-1-4615-6823-0_5,Springer,1991
1804219,Dev Biol (N Y 1985),10.1007/978-1-4615-6823-0_5,https://link.springer.com/chapter/10.1007/978-1-4615-6823-0_5,Springer,1991
3078115,Dev Biol (N Y 1985),10.1007/978-1-4613-2141-5_6,https://link.springer.com/chapter/10.1007/978-1-4613-2141-5_6,Springer,1986
38850508,HEC Forum,10.1007/s10730-024-09534-5,https://link.springer.com/article/10.1007/s10730-024-09534-5,Springer,2024
38850508,HEC Forum,10.1007/s10730-024-09534-5,https://link.springer.com/article/10.1007/s10730-024-09534-5,Springer,2024
35218454,HEC Forum,10.1007/s10730-022-09473-z,https://link.springer.com/article/10.1007/s10730-022-09473-z,Springer,2024
1859625,Attual Dent,,,,1991
1859625,Attual Dent,,,,1991
2257101,Attual Dent,,,,1990
8839987,Biol Chem Hoppe Seyler,,,,1996
8839987,Biol Chem Hoppe Seyler,,,,1996
8590627,Biol Chem Hoppe Seyler,10.1515/bchm3.1995.376.10.587,https://www.degruyter.com/document/doi/10.1515/bchm3.1995.376.10.587/html,Unknown,1995
10120934,QA Rev,,,,1991
10120934,QA Rev,,,,1991
10170993,QA Rev,,,,1990
10170878,Part B News,,,,1991
10170878,Part B News,,,,1991
10170878,Part B News,,,,1991
38819379,J Vet Dent,10.1177/08987564241255043,https://journals.sagepub.com/doi/10.1177/08987564241255043,SAGE Publications,2024
38819379,J Vet Dent,10.1177/08987564241255043,https://journals.sagepub.com/doi/10.1177/08987564241255043,SAGE Publications,2024
38115724,J Vet Dent,10.1177/08987564231220682,https://journals.sagepub.com/doi/10.1177/08987564231220682,SAGE Publications,2023
9855840,J Pierre Fauchard Acad,,,,1994
9855840,J Pierre Fauchard Acad,,,,1994
9791253,J Pierre Fauchard Acad,,,,1994
11130562,Jahresber Schweiz Akad Med Wiss,,,,1998
11130562,Jahresber Schweiz Akad Med Wiss,,,,1998
3267269,Jahresber Schweiz Akad Med Wiss,,,,1988
2803579,Suppl Int J Gynecol Obstet,10.1016/0020-7292(89)90090-8,https://obgyn.onlinelibrary.wiley.com/doi/10.1016/0020-7292%2889%2990090-8,Wiley,1989
2803579,Suppl Int J Gynecol Obstet,10.1016/0020-7292(89)90090-8,https://obgyn.onlinelibrary.wiley.com/doi/10.1016/0020-7292%2889%2990090-8,Wiley,1989
2590476,Suppl Int J Gynecol Obstet,10.1016/0020-7292(89)90114-8,https://obgyn.onlinelibrary.wiley.com/doi/10.1016/0020-7292%2889%2990114-8,Wiley,1989
5134150,Acta Hepatosplenol,,,,1971
5134150,Acta Hepatosplenol,,,,1971
5421886,Acta Hepatosplenol,,,,1970
14289542,Oncologia,,,,1965
14289542,Oncologia,,,,1965
5864548,Oncologia,,,,1965
2742775,Biull Vsesoiuznogo Kardiol Nauchn Tsentra AMN SSSR,,,,1989
2742775,Biull Vsesoiuznogo Kardiol Nauchn Tsentra AMN SSSR,,,,1989
2690864,Biull Vsesoiuznogo Kardiol Nauchn Tsentra AMN SSSR,,,,1989
5287841,Bol Serv Odontol Sanit (Porto Alegre),,,,1971
5287841,Bol Serv Odontol Sanit (Porto Alegre),,,,1971
5287840,Bol Serv Odontol Sanit (Porto Alegre),,,,1971
38879778,Br J Neurosurg,10.1080/02688697.2024.2366242,https://www.tandfonline.com/doi/full/10.1080/02688697.2024.2366242,Taylor & Francis,2024
38879778,Br J Neurosurg,10.1080/02688697.2024.2366242,https://www.tandfonline.com/doi/full/10.1080/02688697.2024.2366242,Taylor & Francis,2024
37807639,Br J Neurosurg,10.1080/02688697.2023.2267126,https://www.tandfonline.com/doi/full/10.1080/02688697.2023.2267126,Taylor & Francis,2023
10295784,Med Health (1989),,,,1989
10295784,Med Health (1989),,,,1989
10295780,Med Health (1989),,,,1989
34541954,J Pediatr Oncol Nurs,10.1177/10434542211041934,https://journals.sagepub.com/doi/10.1177/10434542211041934,SAGE Publications,2021
34541954,J Pediatr Oncol Nurs,10.1177/10434542211041934,https://journals.sagepub.com/doi/10.1177/10434542211041934,SAGE Publications,2021
32141370,J Pediatr Oncol Nurs,10.1177/1043454220909788,https://journals.sagepub.com/doi/10.1177/1043454220909788,SAGE Publications,2020
23364464,Acta Crystallogr B,10.1107/S0108768112051506,https://journals.iucr.org/paper?S2052519212051500,Unknown,2013
23364464,Acta Crystallogr B,10.1107/S0108768112051506,https://journals.iucr.org/paper?S2052519212051500,Unknown,2013
22610680,Acta Crystallogr B,10.1107/S0108768112010993,https://journals.iucr.org/paper?S0108768112010993,Unknown,2012
24132222,Acta Crystallogr A,10.1107/S0108767313022642,https://journals.iucr.org/paper?S0108767313022642,Unknown,2013
24132222,Acta Crystallogr A,10.1107/S0108767313022642,https://journals.iucr.org/paper?S0108767313022642,Unknown,2013
23778095,Acta Crystallogr A,10.1107/S0108767313007538,https://journals.iucr.org/paper?S0108767313007538,Unknown,2013
9608527,Microbiologia,,,,1997
9608527,Microbiologia,,,,1997
9101659,Microbiologia,,,,1996
2317314,SPVN,,,,1990
2317314,SPVN,,,,1990
2627309,SPVN,,,,1989
8447982,Nurs Elder,,,,1993
8447982,Nurs Elder,,,,1993
1536702,Nurs Elder,10.7748/eldc.4.1.12.s27,http://journals.rcni.com/elderly-care/safety-first-eldc.4.1.12.s27,Unknown,1992
10079857,Adv Pediatr Infect Dis,,,,1999
10079857,Adv Pediatr Infect Dis,,,,1999
7510110,Adv Pediatr Infect Dis,,,,1994
10825891,J Gt Houst Dent Soc,,,,1999
10825891,J Gt Houst Dent Soc,,,,1999
9796528,J Gt Houst Dent Soc,,,,1998
38910217,J Med Humanit,10.1007/s10912-024-09853-1,https://link.springer.com/article/10.1007/s10912-024-09853-1,Springer,2024
38910217,J Med Humanit,10.1007/s10912-024-09853-1,https://link.springer.com/article/10.1007/s10912-024-09853-1,Springer,2024
36740657,J Med Humanit,10.1007/s10912-023-09782-5,https://link.springer.com/article/10.1007/s10912-023-09782-5,Springer,2023
5271054,Arch Ital Otol Rinol Laringol Patol Cervicofacc Suppl,,,,1970
5271054,Arch Ital Otol Rinol Laringol Patol Cervicofacc Suppl,,,,1970
4388996,Arch Ital Otol Rinol Laringol Patol Cervicofacc Suppl,,,,1968
5270698,Bol Soc Dent Guatem,,,,1969
5270698,Bol Soc Dent Guatem,,,,1969
5261379,Bol Soc Dent Guatem,,,,1969
1457073,Adv Ophthalmic Plast Reconstr Surg,,,,1992
1457073,Adv Ophthalmic Plast Reconstr Surg,,,,1992
3502737,Adv Ophthalmic Plast Reconstr Surg,,,,1987
5995443,Arch Ital Urol,,,,1966
5995443,Arch Ital Urol,,,,1966
14222477,Arch Ital Urol,,,,1964
27192898,Genet Couns,,,,2016
27192898,Genet Couns,,,,2016
30226968,Genet Couns,,,,2016
6984153,Odontostomatol Implantoprotesi,,,,1982
6984153,Odontostomatol Implantoprotesi,,,,1982
6983672,Odontostomatol Implantoprotesi,,,,1982
4397290,Bol Soc Estomatol Argent,,,,1970
4397290,Bol Soc Estomatol Argent,,,,1970
4397290,Bol Soc Estomatol Argent,,,,1970
38877748,J Transcult Nurs,10.1177/10436596241259208,https://journals.sagepub.com/doi/10.1177/10436596241259208,SAGE Publications,2024
38877748,J Transcult Nurs,10.1177/10436596241259208,https://journals.sagepub.com/doi/10.1177/10436596241259208,SAGE Publications,2024
38801233,J Transcult Nurs,10.1177/10436596241253864,https://journals.sagepub.com/doi/10.1177/10436596241253864,SAGE Publications,2024
38906592,Adv Food Nutr Res,10.1016/bs.afnr.2024.05.001,https://linkinghub.elsevier.com/retrieve/pii/S1043452624000330,ScienceDirect,2024
38906592,Adv Food Nutr Res,10.1016/bs.afnr.2024.05.001,https://linkinghub.elsevier.com/retrieve/pii/S1043452624000330,ScienceDirect,2024
36863839,Adv Food Nutr Res,10.1016/bs.afnr.2022.07.006,https://linkinghub.elsevier.com/retrieve/pii/S1043452622000535,ScienceDirect,2023
8924275,Blutalkohol,,,,1996
8924275,Blutalkohol,,,,1996
7786466,Blutalkohol,,,,1995
14311644,Bol Trab Soc Cir B Aires,,,,1965
14311644,Bol Trab Soc Cir B Aires,,,,1965
5841205,Bol Trab Soc Cir B Aires,,,,1965
18646653,Aust J Adv Nurs,,,,2004
18646653,Aust J Adv Nurs,,,,2004
16499246,Aust J Adv Nurs,,,,2004
38899998,Am J Dent,,,,2024
38899998,Am J Dent,,,,2024
37076293,Am J Dent,,,,2023
3269800,News Notes Ohio Dent J,,,,1988
3269800,News Notes Ohio Dent J,,,,1988
3269797,News Notes Ohio Dent J,,,,1988
1958336,Isr J Dent Sci,,,,1991
1958336,Isr J Dent Sci,,,,1991
3270362,Isr J Dent Sci,,,,1988
2400442,Am J Hosp Care,,,,1990
2400442,Am J Hosp Care,,,,1990
1449686,Dent Off,,,,1992
1449686,Dent Off,,,,1992
1814356,Dent Off,,,,1991
2149984,Am J Med Genet Suppl,10.1002/ajmg.1320370720,https://onlinelibrary.wiley.com/doi/10.1002/ajmg.1320370720,Wiley,1990
2149984,Am J Med Genet Suppl,10.1002/ajmg.1320370720,https://onlinelibrary.wiley.com/doi/10.1002/ajmg.1320370720,Wiley,1990
2149943,Am J Med Genet Suppl,10.1002/ajmg.1320370737,https://onlinelibrary.wiley.com/doi/10.1002/ajmg.1320370737,Wiley,1990
38889326,Am J Phys Med Rehabil,10.1097/PHM.0000000000002528,https://journals.lww.com/ajpmr/abstract/9900/exploring_research_on_competitive_para_cyclists.503.aspx,Unknown,2024
38889326,Am J Phys Med Rehabil,10.1097/PHM.0000000000002528,https://journals.lww.com/ajpmr/abstract/9900/exploring_research_on_competitive_para_cyclists.503.aspx,Unknown,2024
38547026,Am J Phys Med Rehabil,10.1097/PHM.0000000000002482,https://journals.lww.com/ajpmr/abstract/9900/association_between_leg_muscle_thickness_and.454.aspx,Unknown,2024
18018313,Am J Public Health Nations Health,10.2105/ajph.60.12.2229-a,https://ajph.aphapublications.org/doi/full/10.2105/AJPH.60.12.2229-a,Unknown,1970
18018313,Am J Public Health Nations Health,10.2105/ajph.60.12.2229-a,https://ajph.aphapublications.org/doi/full/10.2105/AJPH.60.12.2229-a,Unknown,1970
5466718,Am J Public Health Nations Health,10.2105/ajph.60.9.1690,https://ajph.aphapublications.org/doi/full/10.2105/AJPH.60.9.1690,Unknown,1970
29235780,Dent Today,,,,2017
29235780,Dent Today,,,,2017
29235750,Dent Today,,,,2017
5283679,AMDI Boll,,,,1970
5283679,AMDI Boll,,,,1970
5225879,AMDI Boll,,,,1966
10104301,Part A News,,,,1990
10104301,Part A News,,,,1990
10296284,Part A News,,,,1989
2688697,Future Dent,,,,1989
2688697,Future Dent,,,,1989
2688695,Future Dent,,,,1989
38705696,Crit Care Nurs Clin North Am,10.1016/j.cnc.2023.12.004,https://linkinghub.elsevier.com/retrieve/pii/S0899588523001132,ScienceDirect,2024
38705696,Crit Care Nurs Clin North Am,10.1016/j.cnc.2023.12.004,https://linkinghub.elsevier.com/retrieve/pii/S0899588523001132,ScienceDirect,2024
37532379,Crit Care Nurs Clin North Am,10.1016/j.cnc.2023.05.002,https://linkinghub.elsevier.com/retrieve/pii/S0899588523000461,ScienceDirect,2023
2700910,Rev Ateneo Argent Odontol,,,,1989
2700910,Rev Ateneo Argent Odontol,,,,1989
2639708,Rev Ateneo Argent Odontol,,,,1989
9543847,Focus Ohio Dent,,,,1993
9543847,Focus Ohio Dent,,,,1993
9543840,Focus Ohio Dent,,,,1993
16700426,Boll Chim Farm,,,,2005
16700426,Boll Chim Farm,,,,2005
15085573,Boll Chim Farm,,,,2004
37600143,Rand J Econ,10.1111/1756-2171.12405,https://onlinelibrary.wiley.com/doi/10.1111/1756-2171.12405,Wiley,2022
37600143,Rand J Econ,10.1111/1756-2171.12405,https://onlinelibrary.wiley.com/doi/10.1111/1756-2171.12405,Wiley,2022
19013864,Rand J Econ,10.1111/j.1756-2171.2008.00039.x,https://onlinelibrary.wiley.com/doi/10.1111/j.1756-2171.2008.00039.x,Wiley,2008
10114874,Natl Med Care Util Expend Surv C,,,,1990
10114874,Natl Med Care Util Expend Surv C,,,,1990
10296629,Natl Med Care Util Expend Surv C,,,,1986
2129568,Rev Faculdade Odontol Lins,,,,1990
2129568,Rev Faculdade Odontol Lins,,,,1990
2638857,Rev Faculdade Odontol Lins,,,,1989
5198402,Boll Inf Consoc Naz (Rome),,,,1969
5198402,Boll Inf Consoc Naz (Rome),,,,1969
5181182,Boll Inf Consoc Naz (Rome),,,,1967
10173708,Faulkner Grays Med Health,,,,1997
10173708,Faulkner Grays Med Health,,,,1997
10156157,Faulkner Grays Med Health,,,,1996
1727022,Boll Ist Sieroter Milan,,,,1991
1727022,Boll Ist Sieroter Milan,,,,1991
2152299,Boll Ist Sieroter Milan,,,,1990
10123102,J Air Med Transp,10.1016/s1046-9095(05)80164-3,https://linkinghub.elsevier.com/retrieve/pii/S1046909505801643,ScienceDirect,1992
10123102,J Air Med Transp,10.1016/s1046-9095(05)80164-3,https://linkinghub.elsevier.com/retrieve/pii/S1046909505801643,ScienceDirect,1992
10108935,J Air Med Transp,10.1016/s1046-9095(05)80492-1,https://linkinghub.elsevier.com/retrieve/pii/S1046909505804921,ScienceDirect,1991
3501447,J Cardiogr Suppl,,,,1987
3501447,J Cardiogr Suppl,,,,1987
6520440,J Cardiogr Suppl,,,,1984
1418883,J Cardiol Suppl,,,,1992
1418883,J Cardiol Suppl,,,,1992
1930892,J Cardiol Suppl,,,,1991
10624047,Entechnology,,,,1999
10624047,Entechnology,,,,1999
3271577,Entechnology,,,,1988
9482967,FNIB Info,,,,1997
9482967,FNIB Info,,,,1997
2597410,FNIB Info,,,,1989
23553701,Br J Psychiatry Suppl,10.1192/bjp.bp.112.113746,https://www.cambridge.org/core/journals/the-british-journal-of-psychiatry/article/economic-evaluation-of-the-antistigma-social-marketing-campaign-in-england-20092011/E6E55D90BE38365E2C5BD7664DE8434B,Cambridge University Press,2013
23553701,Br J Psychiatry Suppl,10.1192/bjp.bp.112.113746,https://www.cambridge.org/core/journals/the-british-journal-of-psychiatry/article/economic-evaluation-of-the-antistigma-social-marketing-campaign-in-england-20092011/E6E55D90BE38365E2C5BD7664DE8434B,Cambridge University Press,2013
18055940,Br J Psychiatry Suppl,10.1192/bjp.191.51.s63,https://www.cambridge.org/core/journals/the-british-journal-of-psychiatry/article/virtual-reality-and-paranoid-ideations-in-people-with-an-atrisk-mental-state-for-psychosis/F009E60A8CFBCA08D1E1423105DB4970,Cambridge University Press,2007
5150641,Boll Mal Orecch Gola Naso,,,,1971
5150641,Boll Mal Orecch Gola Naso,,,,1971
5517953,Boll Mal Orecch Gola Naso,,,,1970
3271127,Dent J Malays,,,,1988
3271127,Dent J Malays,,,,1988
3270565,Dent J Malays,,,,1986
9636324,Biotechnology (N Y),10.1038/nbt0296-203,https://www.nature.com/articles/nbt0296-203,Nature Publishing Group,1996
9636324,Biotechnology (N Y),10.1038/nbt0296-203,https://www.nature.com/articles/nbt0296-203,Nature Publishing Group,1996
9636281,Biotechnology (N Y),10.1038/nbt1095-1079,https://www.nature.com/articles/nbt1095-1079,Nature Publishing Group,1995
4526947,Boll Metallogr,,,,1973
4526947,Boll Metallogr,,,,1973
5291916,Boll Metallogr,,,,1970
8703380,Am Biotechnol Lab,,,,1996
8703380,Am Biotechnol Lab,,,,1996
7626264,Am Biotechnol Lab,,,,1995
5526748,Boll Ocul,,,,1970
5526748,Boll Ocul,,,,1970
5403774,Boll Ocul,,,,1969
7765644,Bioprocess Technol,,,,1995
7765644,Bioprocess Technol,,,,1995
1367608,Bioprocess Technol,,,,1991
38908942,Trends Biotechnol,10.1016/j.tibtech.2024.05.008,https://linkinghub.elsevier.com/retrieve/pii/S0167779924001471,ScienceDirect,2024
38908942,Trends Biotechnol,10.1016/j.tibtech.2024.05.008,https://linkinghub.elsevier.com/retrieve/pii/S0167779924001471,ScienceDirect,2024
38548556,Trends Biotechnol,10.1016/j.tibtech.2024.03.001,https://linkinghub.elsevier.com/retrieve/pii/S0167779924000659,ScienceDirect,2024
9274062,SAAS Bull Biochem Biotechnol,,,,1997
9274062,SAAS Bull Biochem Biotechnol,,,,1997
1366507,SAAS Bull Biochem Biotechnol,,,,1990
3663341,Alumni Mag,,,,1987
3663341,Alumni Mag,,,,1987
587587,Alumni Mag,,,,1977
37008388,Annu Rev Gerontol Geriatr,,,,2021
37008388,Annu Rev Gerontol Geriatr,,,,2021
2514764,Annu Rev Gerontol Geriatr,10.1007/978-3-662-40455-3_5,https://link.springer.com/chapter/10.1007/978-3-662-40455-3_5,Springer,1989
38424658,Annu Rev Immunol,10.1146/annurev-immunol-083122-043836,https://www.annualreviews.org/content/journals/10.1146/annurev-immunol-083122-043836,Unknown,2024
38424658,Annu Rev Immunol,10.1146/annurev-immunol-083122-043836,https://www.annualreviews.org/content/journals/10.1146/annurev-immunol-083122-043836,Unknown,2024
37126422,Annu Rev Immunol,10.1146/annurev-immunol-101921-045401,https://www.annualreviews.org/doi/10.1146/annurev-immunol-101921-045401,Unknown,2023
9175282,Res Commun Inst Ferment,,,,1997
9175282,Res Commun Inst Ferment,,,,1997
7763725,Res Commun Inst Ferment,,,,1993
23754152,Arch Otolaryngol Head Neck Surg,10.1001/archotol.138.6.598,https://jamanetwork.com/journals/jamaotolaryngology/article-abstract/1182913,Unknown,2012
23754152,Arch Otolaryngol Head Neck Surg,10.1001/archotol.138.6.598,https://jamanetwork.com/journals/jamaotolaryngology/article-abstract/1182913,Unknown,2012
23753828,Arch Otolaryngol Head Neck Surg,10.1001/archotol.138.7.690,https://jamanetwork.com/journals/jamaotolaryngology/article-abstract/1217429,Unknown,2012
38843556,Biochem Cell Biol,10.1139/bcb-2024-0034,https://cdnsciencepub.com/doi/10.1139/bcb-2024-0034,Unknown,2024
38843556,Biochem Cell Biol,10.1139/bcb-2024-0034,https://cdnsciencepub.com/doi/10.1139/bcb-2024-0034,Unknown,2024
36318825,Biochem Cell Biol,10.1139/bcb-2022-0205,https://cdnsciencepub.com/doi/10.1139/bcb-2022-0205,Unknown,2023
11822205,Boll Soc Ital Biol Sper,,,,2001
